{
    "metrics": {
        "vus": {
            "value": 2,
            "min": 1,
            "max": 200
        },
        "data_received": {
            "count": 201375555,
            "rate": 278061.8887768628
        },
        "http_req_failed": {
            "passes": 0,
            "fails": 96583,
            "thresholds": {
                "rate<0.01": false
            },
            "value": 0
        },
        "vus_max": {
            "min": 200,
            "max": 200,
            "value": 200
        },
        "http_req_sending": {
            "p(95)": 0.049,
            "avg": 0.025144518186430282,
            "min": 0.003,
            "med": 0.013,
            "max": 20.475,
            "p(90)": 0.038
        },
        "data_sent": {
            "count": 7726640,
            "rate": 10669.041295994735
        },
        "iteration_duration": {
            "p(95)": 1020.983625,
            "avg": 1010.2212103269022,
            "min": 1000.935917,
            "med": 1004.156583,
            "max": 2689.798542,
            "p(90)": 1012.0629998000001
        },
        "iterations": {
            "count": 96583,
            "rate": 133.3630161999342
        },
        "http_req_tls_handshaking": {
            "med": 0,
            "max": 0,
            "p(90)": 0,
            "p(95)": 0,
            "avg": 0,
            "min": 0
        },
        "http_req_waiting": {
            "avg": 9.618116842508632,
            "min": 0.826,
            "med": 3.585,
            "max": 3803.56,
            "p(90)": 11.07,
            "p(95)": 19.562399999999972
        },
        "http_req_duration{expected_response:true}": {
            "avg": 9.694020655809016,
            "min": 0.856,
            "med": 3.653,
            "max": 3803.625,
            "p(90)": 11.178800000000003,
            "p(95)": 19.690699999999985
        },
        "http_req_blocked": {
            "avg": 0.012800751685079494,
            "min": 0.001,
            "med": 0.005,
            "max": 32.667,
            "p(90)": 0.014,
            "p(95)": 0.019
        },
        "http_req_connecting": {
            "p(90)": 0,
            "p(95)": 0,
            "avg": 0.001079858774318462,
            "min": 0,
            "med": 0,
            "max": 1.368
        },
        "http_req_duration": {
            "avg": 9.694020655809016,
            "min": 0.856,
            "med": 3.653,
            "max": 3803.625,
            "p(90)": 11.178800000000003,
            "p(95)": 19.690699999999985,
            "thresholds": {
                "p(95)<500": false
            }
        },
        "http_req_receiving": {
            "med": 0.035,
            "max": 17.544,
            "p(90)": 0.084,
            "p(95)": 0.109,
            "avg": 0.05075929511404601,
            "min": 0.01
        },
        "http_reqs": {
            "count": 96583,
            "rate": 133.3630161999342
        }
    },
    "root_group": {
        "path": "",
        "id": "d41d8cd98f00b204e9800998ecf8427e",
        "groups": {},
        "checks": {},
        "name": ""
    }
}